fid,username,prediction,address,degen,contributed,winner,payout
348504,cowellbunga,2-2,0x2ed1e660d9bada720af88023dce14d4360c091b4,220874957849711050000,True,True,2163.063156882825
10694,chukwukaosakwe,2-2,,0,False,True,2163.063156882825
